ComputeInstance,Label
afcf8235-2a42-4a95-8f6c-ee9c70d41f09,Anomaly
f9e1e6e6-aec6-40de-bc1f-3dc4c3853a24,Anomaly
e40df018-70ba-41b9-8b49-af06d53811cb,Anomaly
c40ebc56-de3d-419f-91d8-c441e0efb4e7,Anomaly
4a868bfc-321c-482b-a386-13a13364203b,Anomaly
fb20bef8-97d0-41e0-bc7d-680ab0148b8a,Anomaly
7a90239e-d927-4fe1-95b2-dd90946353dd,Anomaly
8268a1bf-381f-4654-ad9a-63688c557aab,Anomaly
d9d03c61-bda3-4720-9859-fb2f809bacb5,Anomaly
c007a331-2496-4ca6-85d4-5bb4660232b3,Anomaly
f3012caa-3a45-472d-b345-6fba8a15ade5,Anomaly
83279940-1412-4782-9dd2-7c7a7d50d1f4,Anomaly
d81a9056-14b7-48a9-a295-38019b2b08b6,Anomaly
91530882-fea9-4305-a6a3-7340d5a6ea74,Anomaly
fdd4e86d-4c63-489e-bcb9-a1f4897e8ab7,Anomaly
d2271048-0c13-4b67-962f-cf6cc1e2308a,Anomaly
8192614e-4a86-47cc-ae07-2e06dcd54908,Anomaly
e7b8e318-a404-4bb9-aefe-f26cd24ef70a,Anomaly
3d2467f1-e17c-4d23-ac5b-a397ff9a3419,Anomaly
34140113-b6c8-441c-8c7b-5cbf0634e638,Anomaly
5fe9d37c-f2ef-4f55-999e-005dfa58c237,Anomaly
74859261-9632-4fa1-9a66-e8ce5ec1844e,Anomaly
d7782eaa-7416-403e-9fa2-7aa468de631f,Anomaly
9b6c14b5-b755-4745-821d-6a7e6f23a898,Anomaly
7ee0fbd9-a4aa-4020-a3f4-23400f6c17a0,Anomaly
f7e7a908-bbf0-43e6-8b61-b0a153e99255,Anomaly
6035b50b-6175-4049-85e9-f8aec8a8c001,Anomaly
3fd500b2-69e4-46d9-8cb4-31f8f0a80c74,Anomaly
d0079bf9-4396-41ea-b731-c0130d351261,Anomaly
8a595ad4-9c4e-422d-95d2-42a767dc5726,Anomaly
3cee6493-cd66-4707-b939-b235204af2d8,Anomaly
29af65eb-5e38-4158-9a81-8174e8220384,Anomaly
21f623ad-17ae-4cd4-af1a-c08f802ae521,Anomaly
196994d6-2f90-4bae-b04e-2f7b787d1bee,Anomaly
cbb87365-05de-4dbe-ab1a-93f82c14afaa,Anomaly
f4309eb0-8aff-4cb0-a350-91009c141c86,Anomaly
d630f645-5aca-4a1b-ad75-cb4027636bd4,Anomaly
5c7d0904-40e7-4602-aa15-013020622d47,Anomaly
25072a2f-ab60-4da8-b36f-0db7f7685de3,Anomaly
c30654d3-f364-4d70-96bb-83d9000ed045,Anomaly
2f72aca3-f803-43d0-bd91-39183e3a46e2,Anomaly
0cef08a0-3238-40e0-9792-f9e1291b6fc2,Anomaly
c1098793-1c80-4ab7-906b-fcfcd20ab0b3,Anomaly
df7da0d4-b94f-4466-8c74-f959d9f371ef,Anomaly
8bd0bf8f-4d92-47cb-b984-57ec1dd1b08d,Anomaly
bf719c4b-9b54-4d88-9a9a-0013bdf7351e,Anomaly
5897334a-6797-4ccf-b299-cbbcbe6bfb14,Anomaly
54d1f0e8-d732-4580-8476-a517f920f906,Anomaly
a2f5480d-2d8a-4d2c-9356-b0ed4779c6b4,Anomaly
b18ae2bc-b32c-4696-8970-1016c77aa93a,Anomaly
aab8ecb4-e5c0-4bef-87d9-d32660bc01f1,Anomaly
33d1d98d-6bd6-483f-95fa-a62365788b3b,Anomaly
dbf2aa44-00a2-4013-a0dd-4e774881c0d5,Anomaly
118a80fb-9b4c-45ed-a395-b05093e41481,Anomaly
285db649-e0a5-4600-8c9f-7db9a7a43440,Anomaly
e4c3e087-ee75-40a3-afcb-d63f62733ae6,Anomaly
82a86d7a-af10-48b5-9993-6c3821b04c16,Anomaly
26fa461c-54bc-4aaf-a0c1-9dcdbc13d7a9,Anomaly
54997050-ee83-4f9d-b34e-3b0c0b1ec93c,Anomaly
d2f90b9c-8f95-41da-ab8b-57a3d0222883,Anomaly
08bcceac-edf5-45c6-84b7-2d8522629054,Anomaly
2c1b303c-7793-4504-90cb-bc393869fed9,Anomaly
95883e27-b0f0-41ec-8240-39a6d44581c7,Anomaly
89d08a6d-28cf-49c4-a165-881d87a22a2f,Anomaly
c3c09e41-7d3b-4d1b-9594-28ca5565241c,Anomaly
22a343e7-535d-4601-8d2b-b9478d10f851,Anomaly
582cb55f-d90c-4bc2-a7c0-47a301dcf12b,Anomaly
fb6b88a9-09a2-4ad4-a329-9247fad36eaf,Anomaly
c93e0364-b3b9-400d-a28b-4eac6830855d,Anomaly
b7a06eef-5f9b-4b21-a710-8b704a7387eb,Anomaly
88e23ffe-5f19-4f54-abd7-1e2ebcadce8d,Anomaly
c8e185a6-bb7e-43db-8af3-f45e4a01890a,Anomaly
b9ed9af7-b344-4a75-822f-7abbe34d241b,Anomaly
eda67da0-8e8a-480f-b0a9-076eaea375c7,Anomaly
b614aa35-e237-4626-b782-cb7cfaad119d,Anomaly
dc811c82-65ca-4503-bb41-d984cf91957c,Anomaly
01f951f6-8d00-4f46-b907-e9b418045ae1,Anomaly
68a904f6-ec07-4f63-be36-0ad661b53823,Anomaly
11760334-ac63-4cc8-9086-578422af8c99,normal
b9f0f7cd-31c1-4edf-9a8d-129d4efff387,normal
f52f599a-b2a2-478c-bcfe-9933528dd526,normal
7e95473d-7602-4e51-a383-19cddf7474cc,normal
9a6798ef-bdaa-43eb-b486-499725a86d73,normal
18027701-58cc-4bff-8b0f-afefbf093d3d,normal
7917c8e7-bd58-49a9-9200-7d5bf89538b3,normal
506a23f5-6cec-4d64-abf8-16e017154255,normal
a306719a-537e-42b3-9073-bfb4600d072e,normal
02915417-a4bb-47e6-ae34-668f770451bf,normal
2f093863-6416-4d09-ac00-7ea45d932d36,normal
dbb26294-5c0f-4970-ab33-43e3d411e9bb,normal
e4faecd7-54e4-470b-83af-8c021fb864d7,normal
d217d302-8e85-4124-9178-24b33e15bfa1,normal
4ffa6f8d-76c3-4aef-a3a0-f0a0a5c077de,normal
90419b8c-39d8-4d8c-b7c0-fa2a8abb30a7,normal
8f6e0fcd-be00-481e-ab11-6456e625d93d,normal
b3ab54d4-3764-4254-a1ae-5ed7ace9a188,normal
9c866b19-7db4-4676-9791-db1b0584c2e4,normal
d3332800-3a00-4825-a6d8-2217becaacc1,normal
636ff8e5-dfe9-4e3b-a2bb-7060d9a36296,normal
e19b1074-29ab-42d0-88b0-8c8500d5e0f0,normal
d8eb0147-473c-4287-8ddf-2fbbfcd01845,normal
133b36ec-53dc-487c-bf0c-2e3a4420bca6,normal
da2b85ca-6224-4a9c-8300-13f014215746,normal
3b324204-7bde-4c13-b751-5a43d40a636c,normal
62399c95-bdd5-4325-9521-3fb233c7ad1b,normal
327dc05a-1486-480f-bcfa-2d870b7eb1e6,normal
59bb106a-b741-4b4b-a1f6-6caa7fa57302,normal
6c31546a-4c61-4350-9e99-67c9dac81c43,normal
ba654fe0-9e42-4c8b-bb2b-debfffa1a69d,normal
9191c3b7-7c69-44b7-95b0-c1a3bcbca5bd,normal
8505e839-8c3f-40a0-8eff-41c36ba17e9d,normal
6898c794-4570-457a-996a-69450c88a450,normal
9f24f074-4b4e-4786-b965-d8a11fa9de63,normal
529c1353-e644-4bc8-8fb4-5cd360a49938,normal
4e721bb0-2ff2-476f-89ca-042fdfa44ece,normal
23f47599-1b16-432a-af9b-c13538eafe36,normal
064e187a-672b-4513-beaa-287d6b8828b4,normal
cd307271-1d03-4058-b06d-d2f999d8dbe8,normal
e1ce64a0-ae83-4559-93e7-1b739d602200,normal
1d91cddc-331c-49d8-bcdd-1bfaf1c8a8aa,normal
b684961a-ff7f-4303-999b-3a8bd273c6fb,normal
465a5a8c-545a-4ca0-b2a2-989ae911c30c,normal
5db1a8f0-1ed9-4f90-b154-bf7946361f6e,normal
d5edfeea-56e9-49bb-aa0c-4cd1091118a2,normal
0ed7d8f6-fda7-4de0-833c-bcef9d95ac67,normal
40a3f621-1662-4046-9c62-d5f3f97cbb91,normal
5448ec98-c8fa-4fab-bf3e-bb0229e6a660,normal
0ad5d141-2c9e-4afd-ab86-2c8e5fa3a287,normal
ba12d5f1-82dc-4de3-bbf3-0625d9fadb19,normal
72339478-c49d-40f3-bc27-4e381ca2444e,normal
bf635812-737e-45de-ba90-3f17c95d6ef9,normal
18c1fed6-2921-4c1b-93a6-8b479e9ceeb6,normal
8ffc152b-a6ca-453d-8af7-2463801a21e5,normal
2b50d5c2-8294-43fd-a98d-67c22a5b6b77,normal
eba7f7c7-7922-4e13-a632-c12869281fb5,normal
3343001f-bcda-461a-9908-f0beb214e02f,normal
7f1bf581-38ca-4395-82cb-7039facee46a,normal
20c2ee51-d6ea-4eb4-8efc-15e76e71d298,normal
2ff187f6-50b4-4290-9995-e17b9558f7a2,normal
2a2b8b72-4c4e-4da7-8039-95356046373e,normal
6e0540a1-de02-429e-97da-0fd976ef7665,normal
8191edca-f070-403f-857a-887e7484f0e1,normal
2e0f047e-8d2f-4166-a950-ecf24c8743a7,normal
9fea56c5-e5da-4d07-9031-5523223aca20,normal
b219afe2-f45f-4590-aec9-782aad105106,normal
053d7ebd-7ddc-486e-9728-155664eaeeed,normal
b59c40c1-9b46-4ddc-8bf4-3d8bc7b421de,normal
204aaa28-39af-4e3c-b0ca-025e7db3617a,normal
b5be69fa-fd69-4295-b462-27613a06be25,normal
c17481a8-f731-469c-b2f5-c358a2257b8b,normal
1522426f-d19a-4eb9-98d8-cab7b9854055,normal
d5e4de45-737d-4617-a696-865a00745cbe,normal
a97f19a4-eeb3-4480-8f7e-61d5c4d79b63,normal
aef6d17e-00f3-496a-a1ee-186c321f1e88,normal
4c255236-6af2-414a-8b57-abc7e93e8b8c,normal
50ee104f-c8cf-47d8-b934-a090fe474ce4,normal
13cccba5-1ec0-47af-81e6-6efb250c2fce,normal
a0bbb69e-d9fe-4fa8-b589-6202b7caad3d,normal
7735286e-a9f4-4151-82b2-d81deef1206e,normal
a2d7b1e0-7fdf-4f5f-9ea6-0dbd10cf11a9,normal
b6cfdd21-dfe1-4a29-9313-080d9729bc48,normal
01c50546-6d85-45c9-895d-92b716715cbf,normal
e9556576-5acd-4495-9061-a45b4a345af7,normal
92f3bd5c-3dc6-4609-8f99-7995fe434327,normal
ad68a4ea-fe3c-42a9-85b0-ac9c5e44bead,normal
fa02f2c7-e729-4742-a624-5c155feb50d7,normal
31c158fb-972b-4bb9-aa43-2c5361607e89,normal
b84f15ab-7ccf-470f-adde-76bdd9460be7,normal
4eeaee1b-36bc-4386-b3df-a3151f1566f8,normal
f4f324c0-a193-4711-b106-094992af6158,normal
1145a597-40d0-4cbc-a430-d7f75a194239,normal
e248ec31-e8dc-463a-b895-231c2cc49025,normal
5c752404-725a-42c9-8884-c5b27e45a0df,normal
52e17d47-bdef-4b03-a475-74062b23028c,normal
a2b47f77-1787-45a5-a662-daceba74c731,normal
58ac0ace-d3f7-4f98-98ec-b5bd8fc3fc63,normal
d19cc353-8c3e-43c8-bf1d-162d68f4c057,normal
2c8400e6-c515-4fee-9044-78857c954e8e,normal
8069d8df-8f25-4db7-831a-9f1daf413912,normal
7fe8144d-9dc6-45eb-a3c7-0e0ae865166a,normal
3c1b6c72-1c33-4b17-8555-2a429d342396,normal
0d28fd21-374d-47b4-a6b0-44b7ea22c3b1,normal
40c0c6ca-6775-4e0d-9b12-d25fc6217087,normal
18c6f89b-4ad0-48e0-9771-c31ec769d8d7,normal
0bbb5dbb-fdbd-4a54-840b-f89bd0a44e64,normal
3a550bfb-2808-425c-9e29-175bacf7004f,normal
041aaf18-5067-4de7-82bb-a857385a101f,normal
33cb5f95-bfc4-4a72-bd72-9a0bc2c2ab38,normal
beb0b9dd-818f-4de3-8c23-7bd21c7bf3c1,normal
aec26d73-b6ed-487a-866e-a174ab53ef5c,normal
a6e307bf-4f0e-4301-ae4f-469e0cbe9b39,normal
26fadf2c-ddfd-4638-b0e1-fc7f4097d2a5,normal
e89c4b61-056d-4354-958b-b3c472695296,normal
bfb54744-13e4-449a-948b-963178cefb7b,normal
8435f2d1-f021-482f-9406-ebf2ceb5f845,normal
241062d7-5a65-4b30-90a1-79385a3d50f0,normal
84198753-69b0-4fd9-84d2-bce946bf366e,normal
a0466308-7cc0-41a7-af28-2e963ba8f697,normal
f79547b4-ef6e-420f-b321-008bcf0c3c1d,normal
3f7cb848-493e-4d70-a470-16151ce751aa,normal
c35d1aa7-ca35-445d-9abe-803abd1a8d31,normal
5db1ef04-6e98-4a96-8228-816b81707a2a,normal
6bde08f0-64df-4fca-a286-7d27867023eb,normal
8a24ff68-2b3d-4c7d-b18e-c72300936a01,normal
93e01c9c-f144-4a1e-a038-49d5b0222654,normal
7a6a21ae-3542-4a2a-8c25-324568be1a3e,normal
ad110b58-dba4-43ed-ac48-9e712d400602,normal
fe687b37-f116-4aa6-beea-293b06095b57,normal
66473aa7-d358-43cc-a4a4-ea7cd3d2478e,normal
8d2dea60-90f1-40f7-803d-a3f5a53a2846,normal
dcbdffbf-c57a-4953-96a3-f30798925613,normal
74663707-aee3-40f7-adcc-19415d3d25c2,normal
27f16390-904d-40e2-937e-179aa4d91c57,normal
eca8cb64-9b61-4ad8-b0f7-705a01bdabb4,normal
5e30f09d-1cd0-47f5-939c-ea4418f200e1,normal
d47325b5-275d-4798-a642-3bc9f63e39f4,normal
20a0155a-b63c-4d7c-847a-8b5fb7f2a28f,normal
cc7c040d-7cb1-4482-b9ff-d292a993c060,normal
524ed88e-f12d-4e83-b9dd-095ad7e7fd86,normal
4bdf5acc-70ce-4629-8a56-9744442ae0f9,normal
39ff6bcf-7fc2-4ef2-a965-4fda2f1868a7,normal
c3f55daa-8a6c-499b-816b-3558c3d3bd30,normal
726cb26b-e859-4094-b374-d1f0d189a6be,normal
cd86e941-6e33-46a8-a7da-bdb39a68e806,normal
6608a2b6-01fa-4ba5-8f69-63d3a841f6e2,normal
3f0a9814-8ddc-4589-bb23-da2da7c6ef93,normal
dad03614-be3d-4118-bbdf-d3a2f88e3bae,normal
6538f5da-e28c-410e-8b04-9f9b2ee05dd5,normal
222ade28-5625-4a62-9175-5df4fcb95cb2,normal
47c989d6-0cc0-4ffc-9052-a70d8551f2d4,normal
e927b7ea-d713-4365-9435-ee559ddad244,normal
2507bb97-441c-46f1-9149-5a3b28dd7794,normal
1b9f0e6f-0c0c-4a3a-9416-016874a0bb62,normal
cc1f1e21-37a8-48ac-a852-28f2f1d5836b,normal
013a81af-beef-4377-8e15-ca3efc3e030d,normal
7ef4ed11-8047-4645-8af0-cf89d7532466,normal
ee84aa4c-38c3-45cf-a721-97f9fa8f69cd,normal
6c2f070c-6ea7-476e-93be-4dc7080d586a,normal
e261fd23-16d1-4fba-86cc-65b22990dab7,normal
079dd5c3-e7c5-45dc-9fa1-dea9654add13,normal
75189c1a-2e3b-4721-ac16-70803057c4e2,normal
283ab758-62e4-4263-a12c-5f8cb8df727d,normal
b4e9c29e-d4ac-4abe-bbc4-dc42f1d56c55,normal
941a61fe-f34d-4461-a944-7aa5f084350c,normal
fb354540-3da0-45ba-9b80-cc8d7c516a68,normal
c247715e-26ac-471c-95c4-77de09077581,normal
1d0a70c3-bf36-40b1-86e8-00b782268ebb,normal
cb858b0f-cb4a-4c39-9fe8-95faebe36b4d,normal
ec224e0c-d3f1-4edb-9142-3b057a5cca35,normal
afe02d9f-9600-4299-ac3a-3c48f41b22c7,normal
fcbbd634-0f83-4dd0-8654-3d0b73a9b2a7,normal
00c36656-9e88-44ae-99c4-63dc59c6fe6c,normal
57eccff2-2b96-4a0d-af07-527821584e92,normal
2ec1b0c5-bc99-42b2-86ea-b006b6977510,normal
d0d5e9fc-c250-4235-ae13-a627fc37bba3,normal
ff7e7238-bc99-4c0b-87e9-f9c16dad9225,normal
68e14e68-6374-42af-91c5-4466d67a1b1f,normal
0e742e01-f50d-488f-ab13-5dfc094d5bed,normal
d9a677f9-98e7-49d6-b800-fb50a43d71b7,normal
149d6dc3-f5be-4926-a560-1de646495015,normal
8fc5a6b3-7f50-40ea-9922-378b289d8376,normal
438f6d8c-06a4-4ce4-999f-c929a38efe78,normal
53ae189f-7ea8-41f1-b7ea-bf717662efc6,normal
a8d3532f-6b6f-479b-85a3-52a90ff03c1d,normal
6431ac14-be4d-455c-a9f0-8dbd38fe3906,normal
729ccb8f-4b58-45ed-b67e-48c865756115,normal
d270f4e2-4d26-4876-965b-88c5cd896bf8,normal
537e1392-6fef-4acb-bc9c-56500db85b1a,normal
d3d62052-67a3-4053-b455-d2362f394e54,normal
8bde345f-080b-4ec5-8499-1fd6352523f0,normal
ce0da29c-441a-43a2-bf41-2eea4ba27f39,normal
846a1111-37e5-4543-8295-1b1e7f3b37f4,normal
fde1bed1-65a1-4b46-a30c-89638eef81c3,normal
6aa19ed4-5d2a-4561-bd2d-a0d2361b471f,normal
d7b4067e-f39e-4837-ae20-5947bb166530,normal
9186aa6b-707f-4d5c-94b9-64aa5652b6db,normal
16998c2e-de9b-447b-aa31-ed0542d7a93f,normal
f2e7ac57-37c8-4bf1-a924-046c54e712a7,normal
a378ebf3-3a4a-4469-a4b2-aaa95e2daf3a,normal
525b9bd2-f94d-4a15-81b7-398c416f456e,normal
6412425c-be08-49b0-be9e-86fbcc41ba98,normal
5b1550f7-a708-498b-8374-ca46a2e69215,normal
7c2b76c4-41fa-444c-a7e0-72ece2ebb5f8,normal
2eef2efe-0cf9-499c-87de-edf080fc2003,normal
cb4f1c4d-364f-47a8-9de0-112c87be6f22,normal
32abf6f2-fae4-41ee-85eb-927c1386ebb4,normal
124260d3-7a40-4d61-a797-2929c03d50e8,normal
572edb05-51ad-439a-b72c-b23a483e5f36,normal
2737af21-15b7-4349-8cfb-b313777b95c3,normal
da9880c5-502d-4cc7-87d1-698cfa203d1f,normal
36fbd29d-3878-4794-8658-edd814980814,normal
b58db7f2-6686-4a22-ad87-23141e93b5ca,normal
622ced56-1900-4c91-b129-ee2ea25c9f98,normal
740aa66f-a4b8-43f7-9237-927aa17c4f41,normal
2a44dfdc-5ded-4a8f-b009-fc896efa70bf,normal
1625935b-30a7-4838-8728-e9e995b82003,normal
65440210-82cd-4a62-b10a-c4f5a752e227,normal
1813c6d4-a30c-4674-ae51-15e6bbe9247d,normal
d3ebb96a-cbce-4482-b8af-1d042a12b3c0,normal
bf2ebd22-1db3-4f4e-b5ee-6d613924ac2b,normal
45ed50d7-3d25-4f23-b512-8f2a55457691,normal
6df8ef0b-26ca-4d19-826f-ca19d8fe11a6,normal
6aadbb1a-d873-45ce-bc5a-a5dd7872cf26,normal
e8b87fc9-6835-41f6-a943-31e2890646f4,normal
55c55130-e340-405b-84b4-303ff9c9a652,normal
7d52e1da-8b10-4180-811e-f6b0d785faf4,normal
3b74e187-b00f-41f7-b911-d8bd384266bf,normal
2a7d9b4c-5d8b-4bd7-97d5-5def0ba20343,normal
1587aef5-0332-4437-a70f-76f6bc818e8e,normal
b3385c46-4c37-4877-b0c9-3dd4b0aa2fdb,normal
4b38fad1-42ae-4dd5-ae58-dde9be34e188,normal
f47350e4-897a-43ea-8904-27723b83cc5a,normal
6ee55856-d06a-47da-a449-2d5d0dd56598,normal
318f4736-642f-437f-900d-3b97682ded4d,normal
bc723c27-946d-4345-9bc9-48b16a4418e3,normal
88cb5888-62b6-46c8-845d-3d41f51d6104,normal
584f547a-88ad-4ac1-91eb-1b36414aadf7,normal
ea568a4d-eed4-4bf5-ab8f-9c61eb2e7c80,normal
86d8e070-d23d-4ab2-8d23-e45e58816e34,normal
9381bd5d-ae8e-4380-94be-e875d86c504f,normal
a8c033c9-c790-4888-9658-0568e85c3452,normal
9a09c2be-4296-4412-a8a5-44cf8d83abc7,normal
916a200f-99d3-416b-b5e6-4157fcee0ae3,normal
9eae0792-9880-4422-a064-bb85cf8b16ae,normal
313a404c-ac28-4f40-8ce7-ad55105f4f68,normal
df05fcaa-7f99-4a44-9734-e409bf0ac99d,normal
e2455030-8aea-4225-81d4-e69efe010678,normal
762169d0-bddf-4105-939e-af42be36daad,normal
03bfc48a-3e2b-46ee-9ae0-3b73da690ba6,normal
6d58deaf-f7b4-4476-9345-6f75e478583f,normal
ce717299-1142-4f95-ae40-f0a0940a184c,normal
4764ce4c-c572-49bc-b7e2-5b8dada6b80c,normal
9dbef453-f02a-48d0-949f-742986f34efa,normal
a08d978c-e6df-4fc8-84bd-d510908a08fd,normal
4139decc-4c49-43b3-9fda-51e8bd22d332,normal
b1648660-cc52-4a28-ac75-797e012ba6f5,normal
d7a9caae-b110-42a1-a727-090acb057e70,normal
aa35e2a7-6afd-4686-bbfd-74a7d741d43c,normal
3118a1d1-839c-4974-9eac-312bb20814d2,normal
c33f2649-afab-4f58-ade4-e4270c310ed1,normal
ed4752e9-36b4-40ce-b00c-c9d85c0de2fc,normal
cd5a708a-b631-4c59-9d41-5f79e86a8630,normal
2cf2ec47-16f8-4afa-8556-2f0c386b728e,normal
576f81e3-a87b-4f06-811b-9ccfb37e3dc7,normal
7dfef516-61b3-4f9f-b5d9-0efebb1d1e6d,normal
8bbd571a-136e-4e25-b798-b6dfc33571d4,normal
22d2f382-e2a5-41fb-aa33-a2dce529da20,normal
9a3d1f68-f225-4deb-a73a-c6d8ca4f7412,normal
b45cbb33-5fcf-4bdc-9670-5f0951bd4612,normal
0a786763-af75-4641-b5e5-37418e0d890a,normal
24776e5d-8edd-4bb1-9a92-497b0af00b5f,normal
a63ffa4f-5367-48b2-abc6-0a0514c84f7d,normal
047816c0-642c-46dc-a3b4-25b7831cdad7,normal
926693bb-41b1-47c0-bbd0-4f2792bcfe8a,normal
3f621d62-9254-409b-9b08-efb1ded69084,normal
7970c066-1370-4844-9a50-3365d26ed6fb,normal
589334be-4d08-4a42-be2e-e0d6105b80ad,normal
5e13d0f9-3d7f-4713-9b94-621bf2767d60,normal
cf831e76-bbc4-4e54-8e63-4ddf7948b9c1,normal
3f198aca-ee6f-41c2-9467-81cb6be7c290,normal
87b2ac98-31b2-435a-862c-e1ae0f25f0a8,normal
db8eca4d-deff-426e-adcb-b4b3a9c9d566,normal
8129d76f-220e-45fb-b126-8906ebb5ce7d,normal
4b370265-b51f-4f0f-a4c3-c12435dd5b60,normal
c03593ad-45b1-4087-bdfa-0668ad524595,normal
3c566166-0b50-41ec-8a16-926bbc9a6139,normal
19959ee5-fea2-4fa2-ae32-691b61eaff26,normal
4ed0c628-3211-404a-826d-fff18b0f139c,normal
1b7fc5bf-c008-4e44-9946-902395a6e394,normal
9c64144e-86b7-4add-a41b-0a5f9431d26c,normal
7f8c1025-6da3-44b2-8720-c092f1fc1057,normal
8fc99e87-d6e6-4d09-8c0c-19a734848957,normal
8866dff0-f38e-49d2-a355-8b51ed1755fa,normal
5ca69a90-2dc2-4ad8-8eaa-2df45684b3f5,normal
8d8d8252-884c-4b2d-95aa-a6cba7fcae95,normal
06a96868-2769-4a7a-9f0f-ba9c36b7ec78,normal
73eedbab-081e-44da-93ca-07a16b20bd9c,normal
b43c40b7-e6cd-4c27-8e09-f4d6ce29a57c,normal
61cc9f2a-bf80-4170-99d2-fc3a5adf42a4,normal
e2478de5-8b1d-4f5e-aae7-3df056b76fe4,normal
69c27069-f39f-40be-9c53-52ce53873859,normal
f1c8cf68-310e-43a4-9a4a-b378a8e07661,normal
88823a42-9e07-42f7-9cd7-ee7576da30cc,normal
f4788724-cf4c-4326-af29-f28b116462da,normal
33f115cf-3716-46f9-95f6-97971e889ea5,normal
36a15987-023c-4f00-beb6-0090a70b6be3,normal
2ef64a04-3af7-4188-8115-5dd639d33485,normal
ab73c153-7e9a-4386-a795-1b5026e9b275,normal
bddb5068-1628-4e56-b347-19ac0bb5d657,normal
523fdaef-4812-40e2-a62e-507a72083d73,normal
786d9268-7b58-472e-95f5-7773e3bc6b3f,normal
b0756281-8bee-4224-9fa7-7d0b3b880607,normal
94c44397-4ffd-403c-800b-e11cf1ba1c1e,normal
f5a3e2c8-6b24-4785-8cfe-7114b313997f,normal
9bb2a612-e15e-466f-9466-c862d9fac7c8,normal
38e9e3d3-5e46-4b66-86c9-0da260e6dac8,normal
399c9cbe-2320-4d0f-bcfd-bfb7c3fb53fa,normal
5b6fcd7e-6575-4857-a827-f6720351e996,normal
79bf224f-e3ad-401a-a35a-101890313e48,normal
938fe300-ccf6-4f4f-b2f2-a957f285c9d4,normal
f3c66e8a-f509-48c7-a424-b67ed13aeeca,normal
02e85c3f-84fc-43f0-84f1-7de48feaa066,normal
2bcfff48-f888-4aa3-9a0e-a7c986cd2e44,normal
c596dc54-2096-4993-951b-18d22ffb7cc9,normal
6d346341-afcc-4e37-83b9-b3d625759bd6,normal
d1633c3a-aa87-4f71-928f-71ef8fc27bc9,normal
aa957285-9850-45f5-8ac0-3b6813e8897e,normal
6da25b3c-5ec7-4cd5-bae9-813121113661,normal
a24ed391-a2c1-4018-9a8f-5b758e6bf724,normal
eda78c55-3016-4791-bea3-ec1b59203b67,normal
a72d8914-a87b-442b-a17c-a157197b2cb7,normal
1788af6d-d7c6-4037-9e50-0195be6c9bbf,normal
a1d497b0-d4c4-4650-94b6-cfd065d6bfe5,normal
8f2d4b86-84fc-4284-bdd2-8eb94917b168,normal
e4ad4405-2529-449f-93ca-951a3172ef83,normal
a808e737-60da-4c24-ac1e-1f4cf0dc76a2,normal
52f804ca-f1e2-4cf9-9acf-3eecb25d1226,normal
409fb70d-9c46-4dc7-9cb1-62236ae0233c,normal
23e257ae-5eec-4ab5-aa3c-2be65f7cae02,normal
59a038bb-32d5-4b1d-8a80-de6d2bd529b4,normal
e82f4038-ceb9-4c52-a1c5-e47f2615bf28,normal
a7bc1150-8d69-4b64-8a99-fa7bdb2c9070,normal
1d38ce46-6767-4a83-a55d-66c78af8865a,normal
7edc4da3-09f5-4c03-b00c-fb3a4b059e62,normal
f00fa05a-c13a-4ab3-a921-f9c737534a17,normal
3499f8db-1dc7-418f-a70b-3314ae4318b1,normal
21b64e18-59b0-485e-8b29-46ccbe08fb2b,normal
8c67af02-74c4-4c20-a014-ce7f6c6407d9,normal
fee3d9e9-2bfa-44e1-9773-734b79305f88,normal
ca24ac02-0b21-40b3-a333-ff8c031217da,normal
117fc7cc-4497-4be5-8ed8-6ef80fba9d3a,normal
71e11e72-4fb6-44b8-872e-255fa03c577c,normal
e3243535-446d-42a8-a6d6-ff04c172e289,normal
7b6edc66-b49e-4202-9f0e-26551e4cbc32,normal
e15424de-e1ac-4205-9526-b45495f493bc,normal
4fdf5d41-a305-4aae-8ef5-ffca34f8b460,normal
1ffa0271-e48e-48a6-8a54-cda1f9dae658,normal
2c0d9b76-8d4a-4754-8e7f-32721ff6d63e,normal
c65301b6-b75e-4de5-ac65-6f4d548bee07,normal
a6c91e33-d95f-4b06-84d7-699a0ca3356a,normal
61ddddcb-5f20-4567-b5db-dcd1e06196f6,normal
0b02abf3-17be-4f95-b59f-91c6774bf398,normal
d97c1051-e562-483f-a9a2-a646e8e94836,normal
6ac206a3-5e72-4eea-98a5-4cdd7509f4d8,normal
8b400039-dd1f-4682-a23f-33d86a319e26,normal
e455ecb6-2865-4004-b79c-6ed938c4ec7c,normal
b2aebefb-7fd8-4adb-b68d-8ca17d58d7df,normal
97ef1f73-928b-4d97-bf06-aad9901c4501,normal
bfe8f7d5-90fb-4e63-80c1-1fa450ae44d3,normal
b13240d9-46c4-462f-83a7-0ebcd265280a,normal
d1b149ef-0582-41aa-9f12-c78156d6074c,normal
28e28a08-8b63-490d-98d4-2989d3ad9033,normal
4c86961d-2e31-411f-a35f-610536bd1b24,normal
4cab9ec4-5fc3-47da-b7a4-511219dc3f57,normal
c4bf78a8-4593-4863-ba9b-5ee4725caaff,normal
39f95a43-c3d3-4315-8b87-144be134fb7c,normal
52cb3ffa-185a-486b-82ab-84f071e6f1a4,normal
ba5f34ba-8638-470c-8212-0c9f051e4547,normal
1e96982a-53a9-4587-bf37-f86afff05c13,normal
5457dda2-4747-48af-a6a9-8f0e46cd0716,normal
10abb86f-457d-42ed-8ed7-b93ecd93d39d,normal
cad330bc-c825-4e6f-8e86-abb8d8db33f0,normal
6bf059a5-8192-4995-9b9b-99e5170304c2,normal
7d28b25b-5dc1-4983-b79f-fdbb99303eb7,normal
c019f88e-ca6e-467b-905e-83434fe55fec,normal
c84f154a-b68f-4a83-adb8-73f5902adcd1,normal
6ebea1ba-6f82-4c3c-8390-d4365e7f86ac,normal
c7f64ab9-eaa6-4c74-9496-5ec1d3506f32,normal
cba446d5-214d-40e3-97ef-cac663da1831,normal
7b3f921e-dde6-4207-b7b6-ca6946c0c916,normal
72c48809-cc3c-4749-9a72-96a1e38e4438,normal
4c78374c-251c-4009-b9b8-329bb3958b60,normal
3c7ea3ae-77da-4764-96ee-ab6b12604474,normal
932ea237-e953-4ff7-a7ea-b05f15c8d0f3,normal
64d67fa3-cbd9-44ba-bd00-f51cc4d42373,normal
a617ff73-44ef-4fd8-a196-4d63a28b122d,normal
323e4c0b-0b57-40e2-844b-a7a3a321f889,normal
f81be937-3271-4cbf-9450-8c1fcd0e2dfb,normal
875a8a64-dcc2-4b74-af19-22114fb84c1d,normal
a56c26ff-1d24-48bf-a0a5-2a39556d9c20,normal
7155849f-8006-4305-b85a-f3ed57a6b27f,normal
a5e91085-6eaa-494f-a82a-94034e1c79ac,normal
95c444fd-c778-4589-b373-247b9a96faac,normal
bd533b58-7a64-46c4-b04f-6e305e975ddc,normal
b882d6e3-12eb-4ad6-809b-349b97daf73f,normal
b7bb4eca-f9b5-4314-9b4b-5e6e5716b010,normal
cc91da26-48d0-4355-b112-5812dd15519c,normal
335b1e14-3a16-4380-9951-b3a34eeedb29,normal
a9a66e65-c93d-4ddb-b0c9-409008522b74,normal
19685b9c-6f7a-40a4-b0b0-e52e69fbbe57,normal
618dc71a-bfb2-482d-8a1d-74fdcfa69bd3,normal
8ce29316-9a57-4aa4-8ea7-fb1fb054973c,normal
dcd6a088-646c-4261-9b8a-0ee34641582a,normal
c43af135-d5e7-4eb0-a97b-2c99e624253e,normal
d564f0a2-3d82-40e6-8dd8-aae97999b738,normal
239e1d7f-f0c0-40ef-ba07-a1df9f0cd7bc,normal
02f002e8-ace1-4982-b18c-ffbe17bcd531,normal
1cc69d37-862c-4b78-909e-8f89cd6e4044,normal
62d3cf10-090e-4e74-bb52-8576a75c557f,normal
a69cdfc7-1a9e-4a8f-a37b-601b721fbc50,normal
2ffc898c-fddb-412c-a57c-324afb42f994,normal
36a846d7-196e-4659-880d-cc54bf0e852d,normal
25f46a65-83a0-4772-bdbe-b4b66372e798,normal
8ba55491-e0f4-4571-8619-39231004c414,normal
0ac41210-0c59-4c63-b10d-b73a1adf84e5,normal
31ddaab0-b20b-4d25-9b38-c1c8c83a3869,normal
8311c581-c2b1-4dd1-b734-6f29997f8d92,normal
d06d9a25-5c3d-4e88-9514-2d32a6cbc952,normal
d6db8bc7-fbf1-45c2-9a3b-50e8b91ac1de,normal
df4f1dba-c2be-45ad-bd17-9dbcb8a7e4a3,normal
0ec03be4-933b-4591-b2d9-7f494a020fea,normal
7af03d13-0749-4689-a462-1963d34d622b,normal
f00a8bb6-bd9f-4d75-8337-50a0649090b3,normal
1b3f1840-4fb6-4e12-861f-a635dc9c124c,normal
24130709-2f1f-4004-bf0e-c68ae774b363,normal
4a956add-875a-4c29-82b7-1c887ed65fa0,normal
2cda7429-4369-49df-9c8e-e1eedc367fd9,normal
4c49d04d-6351-49a8-b2da-661d75bbc50f,normal
316efd26-49e9-4da1-9489-d3ebd3bfc5cf,normal
bdd66963-3f59-42ea-906e-b4ccf45a12d6,normal
b9c64705-6b61-40d5-8c3b-ebf63c6b2946,normal
fbfe70b3-33b6-4208-96c2-ab38ac82bd0c,normal
8fa412ab-d1d1-4615-b669-183a5629e7b0,normal
845f1030-7449-4dda-82ed-9fa192b36277,normal
ed483abc-21db-44e7-836b-dfd226f1ebc8,normal
5eda3874-867d-4c46-9c08-5576973d1fed,normal
da73083c-cab6-46a1-bc74-fe301ebeca5b,normal
c128653b-3cf8-4114-929f-8325b1e62ef8,normal
36b1cbe3-629a-4b82-9df1-d899610a8abe,normal
b25adfdc-2533-436d-9c6b-64819dda7825,normal
2bac38d0-8233-4bd3-95e3-71fc2155d7a9,normal
84ae0e17-747c-4456-8c7a-25cecbd79188,normal
2445cac0-a627-4d2b-bf7b-227ed79a8672,normal
17b0f69f-7d87-4fbd-86a4-b426911d8339,normal
f7ddb34f-fb9f-4a9d-9a33-6ec155fa9fdd,normal
749729f3-0ddf-4927-8800-2706c567624f,normal
725c7727-cc47-4f77-9f81-d3c62a20cc85,normal
427b117e-9898-4f11-883a-a1e605bd38af,normal
6caea345-bd3c-409e-9d18-fa7a36aaadde,normal
33070c75-c60d-4f7a-bdc8-b108543bfd0e,normal
bba65863-2779-47b8-a8ef-f6f95a2bc167,normal
c88f7c62-ba02-41b3-9084-c3f30b2d63a7,normal
8576d74e-13c6-4323-9370-5dfbca6119db,normal
a90a4567-859a-4cdc-a48d-f443ed1a6dfd,normal
9ea130d8-dc71-492d-a7cd-b8bdc3545f26,normal
45cffbba-c7c5-4e8f-a2c4-15c224fc2dbf,normal
6d84db49-cf47-44db-bf6b-40b06b949546,normal
87412ef3-4cb5-4093-9cb6-a4fd38fec06a,normal
ad85c14a-f17e-4bb4-92d6-9127c9149284,normal
8d04d300-1937-4f0d-a8aa-6e8c61f47ee8,normal
bbb2802b-7b62-467f-ad8f-e981370de280,normal
70f4fb3c-f207-4ace-ab6e-8c03ef7b1f09,normal
329259b6-9641-4b44-9a71-fc8e9ac744b8,normal
e06e1ef6-54c3-4e7e-b553-959c98222cd1,normal
a19af672-9b82-4ce3-a2fd-6269f58495cf,normal
457531e4-947b-4e66-b05d-d1797080cd3f,normal
2f90e5a5-d289-48d0-932d-58b3c9ea5f8e,normal
a08f3ca4-b7be-4cba-acbe-9b638f29e290,normal
22d25150-20cb-463d-89f3-03cc0418a7b0,normal
099b0d9c-71fd-43b8-ad34-07c0deb9ee42,normal
02560723-3924-4c12-9d04-4dd4ac87d1d2,normal
f2650691-50ad-4217-a481-f31a2e115223,normal
38c89c34-94d6-415d-a684-5245032294a8,normal
4520f601-e696-4aa2-b8c3-eb6ce096c800,normal
e95846cc-d2e8-4e27-bfd5-3be219b9b38a,normal
b0a51490-b042-43f7-a14b-149f21faeaa9,normal
f702e8e0-1cbd-40f9-8a62-33e9d133b7b1,normal
e43ffe06-3585-4e29-a6f7-b604c156d047,normal
49b33ea4-5151-4cd1-a0f6-66a5a4889681,normal
0cdc8378-e407-4eb5-b457-0b4f60529d18,normal
a28be807-c217-4e63-9185-af128ebf9119,normal
7d865576-cd81-4206-84a8-7c6ee380e29d,normal
8efa567f-8d48-4cca-9c29-5a1aa4424885,normal
3a9b0f64-2261-4c9e-85ed-a465ab727de1,normal
bd83f067-38af-437c-ba00-592ff8162a6d,normal
1df81b30-5751-45dd-b814-d9c7e2ebb802,normal
39e87bed-98db-417d-bf22-053ab563e1a6,normal
0d6ea36e-706f-4f05-9f40-896f4490d4a5,normal
fe938626-1d04-4e96-a448-818a67782f69,normal
f6ec2f57-ad11-4329-8346-bf1a6eb54954,normal
eaffae5b-19f1-43fa-854e-030dfac5a1a3,normal
f3a9cf97-203b-4ba1-9c7f-3b7031c91af4,normal
21f2ef5a-064a-4ce0-bc31-03cb374be834,normal
a96420a7-18fb-4d6e-8d50-ac2487700bea,normal
7a500a9f-c94e-4e99-b83b-595179e6310e,normal
a8f0d41d-35f6-4b6e-af59-56b4d79fb20e,normal
79e9653e-c204-4ed4-a8c4-038510e0bddb,normal
64aa1e59-e802-4b78-af6d-8f13e1573418,normal
ac4e961d-e6cd-40bd-b53a-0e89c6f39507,normal
311704f0-b22f-45c7-acbe-5819dc9c9a1e,normal
3e938d26-91f5-4d34-8111-fddf3da678d4,normal
13d42213-a23f-454e-8a1e-799d8c46ce48,normal
dd838ebd-f468-4a04-aea7-6b2d521d2b85,normal
e060d62c-3215-4f35-9345-5e80460f09b8,normal
c60e62e3-1100-41d1-ab7f-0a3b00105503,normal
a2afbb2c-17c9-432e-8171-9df180c29e81,normal
485484d4-6efd-4a63-9e84-ac8de7005d25,normal
e9b8ef32-b7e2-4eba-aa75-8adeabcb7e9e,normal
62c3e362-3930-4e49-887b-6c9b2d96879d,normal
b59efdc5-1957-4550-af98-65431cd60e1d,normal
fa98ff74-a78e-4808-be20-0e9c7d8b4322,normal
785f9906-2b04-4e54-ac75-715b5c5830bf,normal
6cb38e39-e788-43cb-9edb-40c0d36115b0,normal
f86f7cc2-505f-407b-82e9-d6efa3752594,normal
3042d726-682f-4dd9-bf4c-5374ac70af0b,normal
911cdfc7-2043-416f-ae34-b3b80a24f534,normal
245be5f1-fe3b-4428-bd75-26cd64bc39c0,normal
cf5460ea-d61e-4f8f-8a21-0ef77a7e7a58,normal
9147a950-28ce-46d6-b973-8ced138adc56,normal
e9b26166-0cd2-433b-a393-b35c3919bc57,normal
6d844010-8163-455c-954b-cabdfc68de4a,normal
65c145f1-8896-4d37-80c9-0d0d0fc20a26,normal
e83b3eed-49a0-44aa-905b-3cd7f7a4b714,normal
fc61bd0a-77ab-4716-be88-de55d4037e6f,normal
3ba915a0-33bc-495c-8c47-e253da101eae,normal
ee169333-4aa5-4342-b2b2-e9d4cb84b471,normal
5c314e68-cf00-4dfd-9770-787300e269ce,normal
e048cec8-90c8-4289-87b9-85010cc78f42,normal
c42f34ae-a106-4b8d-89ea-b095155b019a,normal
420aa36f-91ff-41a9-a861-0e557c2c4ab7,normal
86079f0c-966c-49f8-8d86-6bb6bb5bef72,normal
39fd1aec-643c-432b-ad98-01257887b675,normal
f43df10b-2616-4ab9-b560-0e4e1808cfe6,normal
1a12f616-e23f-40e2-b99e-5d3ad36afe89,normal
04ddfaed-2edf-499d-b374-86d76d7a91bf,normal
10adccef-4978-464a-bc43-a9d9e623ef23,normal
6a330049-37cd-41cb-9532-c51e451af382,normal
b7aebc16-b53e-4098-a53e-5a87c48f2efd,normal
ee7c9aab-68c6-4ded-9f56-5bde77cee42d,normal
5cc8d6f8-baf9-4721-bdbb-9bc397f0f09e,normal
affd9cd0-c585-407a-ad43-77ab57da4f92,normal
75f644d6-8836-486c-ae4d-15c6d8d3e58f,normal
922cfd4a-2c1d-4417-9a32-acbfccb7871a,normal
ba40f9c5-a0d8-4922-9e3a-8d4904ce797c,normal
119ac098-b48b-4b19-b1ba-d289be3eb6fa,normal
dd2b54bf-9fba-4bd0-8fea-c53d2b7892fe,normal
cc5d63d4-a477-4218-871e-d04733e3a422,normal
fde88601-504e-44b8-82ee-e99fc5b4ef93,normal
51533ba9-f8c8-414d-851e-1dd2dc51a9f4,normal
dbe518c1-d21c-41cc-b945-a20bb4bc0445,normal
28916392-066f-4017-a0ba-ab894b840475,normal
fb8e345c-3bef-4004-934a-123edf6f1b8c,normal
dae59a32-5b21-43b2-973f-8013e8efc866,normal
0ba48d51-d6f9-4765-95a3-25ecee4bbfb4,normal
71471148-a6ab-4991-b1ed-261dfb854007,normal
d7f4cfef-9216-45dd-b6c4-d141825b733e,normal
82439c33-cf22-4c6b-a80f-4bd517fb58eb,normal
d0a23302-1a8d-4695-86e8-e687ef65d660,normal
44cd342f-dbad-4b9d-b278-951bb4472706,normal
6bd67687-2ca4-4906-ba14-1d7ef4dd43ff,normal
bf527575-4f3b-4b56-810d-df1e909831fd,normal
f76f948b-3357-4762-908c-e7a2a1b4e7a7,normal
fa4f4b2b-7c39-411c-8511-ab30c5898217,normal
6d66620b-ef93-469e-8e73-db02452ae65c,normal
cc21de4f-2e0c-4f50-b4a2-697cd862ec36,normal
ad538921-c5b0-45fd-8697-033b2da4da34,normal
54199804-e1ac-4849-93c6-b74492f7ef87,normal
472aa9bc-4685-4030-9251-fd73b99525d9,normal
e3eff164-817f-4ac4-beb0-bbbc334f1c65,normal
63b536da-dd6c-4a6c-a1a9-9fa392733dff,normal
0c08f6dd-a08c-407b-bae3-d9d782f859f0,normal
5b96c2a0-a883-4635-a9c1-339d7f64f528,normal
e399bb91-374b-4472-970e-cb13c32b9d8b,normal
8f4915f9-a735-4014-ba84-b76b3b4c942b,normal
3408b65b-0e57-40fa-9601-e1ccfbd55078,normal
0ecce646-3542-4c66-87ec-a4b665ac3d53,normal
f2ecff20-4ad4-4697-810d-b70520db1a16,normal
f109e663-ea94-4e31-8a64-0677145f6bd5,normal
ef82c9dc-9e08-45a3-b9b6-3b9aac1a0754,normal
f70ede8d-7792-4461-a278-a9e49660008b,normal
5f70ec47-755b-4f11-a13c-1ece8ebca24a,normal
4a087d50-3cdf-431d-8517-ff97b73e3df8,normal
4504a1ff-723d-400c-8eca-afb719693257,normal
cadf062c-24b3-423d-bb51-8477e0fb8b1d,normal
7ba5536f-8681-40c6-9cdd-d7a011e6c6cc,normal
83f28cce-d0c7-4133-9ad9-7a0b9964f7ad,normal
7f88e2b2-e0d5-4dbf-a647-3fdfc9942cff,normal
b373d8a1-2168-46a1-affe-727423144249,normal
7981a3fa-add2-484e-8acc-6a04ac771625,normal
f0012f08-a772-4f4e-8af1-3c4364510f68,normal
9ba54f1f-b158-4ef7-9fab-8cd2a01c9ee4,normal
119fcddb-41dc-4454-a750-08b4c18985ea,normal
69b855ce-bce6-4adc-bc37-f576faed118f,normal
3a083d69-691b-43e6-9bbb-07d8a635722f,normal
81b427ac-bbfb-4997-8382-f44fe1ed5e00,normal
139eac1c-461d-41fa-9020-7d860a200872,normal
808035ec-6427-41b0-8873-b770f78cb099,normal
7b0d5c85-c06a-463f-b5cb-2dec591aebfa,normal
21782e27-2578-430e-be94-5b9ff7a54e19,normal
fcaed5c9-f63d-4f7e-a85d-76c5ea034d21,normal
49e3b6bc-61c4-47b1-85e8-010c6d88848e,normal
d4fa4726-84f4-476c-ad4c-87c4bc9e34cf,normal
309a203c-f1db-4bbe-9850-9aac4f28d4c6,normal
9297a8a4-4214-4b50-9ded-188f1db9ca86,normal
7f6762d3-cfce-4616-8432-99ab7213bc86,normal
0040ce97-2743-4fb0-8654-e3d4c8266b15,normal
751497b6-3ff0-4537-954e-8e5bd1aee69a,normal
26d33d52-fb9f-4e4a-b943-c2ece3dd4687,normal
314d2beb-d217-4533-be08-d49662eb21c1,normal
94fa07fe-8d00-4a22-a3ab-f381a69d446b,normal
d0561fc7-c935-4e23-933b-3d87832114bd,normal
11dce008-75b2-46e0-b55f-34dae8d4e2ae,normal
6415e2f2-9594-4f62-a4df-28a0a25c993c,normal
77c38bcc-5435-46a4-a7ee-3864e3051966,normal
22815693-79ac-4f40-92f6-b2e1009592a4,normal
fd750099-65bf-4119-bf8a-de123e31ad03,normal
1131412b-4e0e-4d5c-8571-81c410c07bd7,normal
b7b82fd7-286b-45fa-9ec5-3b0f9aa5aa3f,normal
ade8cdc0-d975-42ed-abe9-a21b7b71c4c6,normal
e3bcdb19-41b9-4c05-b71e-f2e84973ea25,normal
c3a92c7d-5815-48e8-9d3a-a6112d65ba4d,normal
5c2a28e0-1069-4c5b-af03-ab3d31512a65,normal
e9b19006-8388-4c7a-ba3a-73ad18893cc8,normal
a53e952a-c245-4fcd-9d04-6db98227c161,normal
cc5cfbc0-87d8-4232-9ec7-1501e8e15544,normal
e92c363f-6972-4909-b826-ca703f06b47b,normal
a82141c3-873f-4ae5-9f54-9f506d15fa12,normal
a09cc2ff-8225-4244-b74b-d0f4b200ebcd,normal
7bf7f7af-959c-429a-b0f4-b736733759ea,normal
33f26004-dbee-49df-abf7-2c20ac7aefa5,normal
3fc8dad6-c1e8-4ee6-bc6d-09791674a13d,normal
7569cbaf-0cdc-4cd9-932d-f37578b9e35c,normal
f3a6be8e-3fc5-47e8-9c2a-0265f02eacf7,normal
45f3031f-f28c-49fa-955f-27a5185583bd,normal
730ddcd6-0280-4083-a0fe-dd1c72d6585d,normal
494912b3-dfe4-45cd-afb6-8fbd5beecf46,normal
5f881f99-0162-44ca-9def-b0ed181c01bd,normal
34690104-d5a5-450b-a066-12a0933bed58,normal
992557c8-8beb-4c19-9dc3-9da5f0c93a6c,normal
5e3da4a4-5dbf-4100-a609-3494962cda06,normal
9e137a38-b6dc-46d3-af73-761abbc87478,normal
cce9306c-feab-473d-8f15-f9aeb2ba6619,normal
817c7775-5390-4f1d-a1c9-107e28eecfff,normal
ded9a45f-20c9-46ac-8c91-16a7c24a385c,normal
08a61249-e533-407c-80e7-730e0abd50bf,normal
583c8aac-d0a5-4d4a-b0e9-92088010ae1d,normal
43cf6a22-d1de-4267-b9da-61bfe49aa026,normal
fc17adba-bbc8-4714-b773-44f0e3ee8917,normal
780b41bf-beaf-4191-82cd-aad0944572a0,normal
61e4130d-52a0-4c2a-979f-23e13a891050,normal
7d178475-0a80-4a1f-9b27-1c71830f1ebe,normal
b37661aa-0b25-4f8d-8861-4b250b275f13,normal
9b3d17fd-b98a-4b14-a343-7b155429b93c,normal
d1014d2e-2353-49a7-92c8-42b2a8905971,normal
e9915bf4-8457-4605-85ca-3fd07ac6ebf7,normal
9ee8dcec-3a62-4c1d-8e41-82830d6641df,normal
30ea39d0-5623-495b-9290-5055d2834b4b,normal
0885a7d3-6fd5-4ed1-ad3a-9d066b9cf3e5,normal
262258ad-9942-47bb-86c2-a06f46a66c30,normal
5a5e9348-c5d7-4117-9300-e107e4354edf,normal
977897a1-2336-4aa3-aefa-5a5d37152ca0,normal
2a89fdd9-afda-4f4e-a653-3a7322fd43a6,normal
572f483d-f58c-4576-80f2-1af0f762f666,normal
ca252321-5ac0-4b6a-8a2c-0a1b5bc3940e,normal
ef407448-ac76-44c6-961e-e456c1a4337e,normal
e1986d3b-4cf8-4fdb-84bc-985a9881c27d,normal
5eae9974-f415-4af2-8577-25a8c670a2ac,normal
c7dac7b5-16a9-4730-b531-105dd0c72133,normal
4af1d479-5708-4c37-b44f-80fd0446ceb8,normal
5cee874e-e90b-4649-83d7-f146331f7ddf,normal
3d54bb70-b62e-4b82-b1f6-52a56511c856,normal
534a6cb0-940e-425c-93ae-cf1355489ab0,normal
7c43afd4-4179-4545-85e9-057dea9fabeb,normal
58ad8909-3031-4fe3-ba66-a846277bb62d,normal
a5908cd4-e81b-4d48-a392-ccda4f0519e0,normal
cb2e9487-6c3e-4c70-92ca-3a2d1a4f10e8,normal
6388239b-51ac-4fd5-8648-4f7f817c9626,normal
31023409-72f7-4cf8-928b-7f7828d9d5d1,normal
ba63ff61-1d4c-49fd-96f7-c7add855bd4b,normal
0f8c4681-d8e8-45ad-8b9c-4f4903d17b19,normal
9bb948e7-8073-4483-bee4-926086feffd2,normal
43595dbc-83a2-41b6-92d6-a84efce341b3,normal
e7f06ef7-9c76-4afc-a4bb-f095c581c7cc,normal
477248f5-908d-481d-89f2-af4dcc5636fa,normal
6f98bde1-76e8-47ad-971c-e194e8c121bb,normal
c0540c6a-eb43-4f09-951f-b8baf84014de,normal
c46df8fc-92f5-4b82-b8e6-74c25f56df9a,normal
0eaca11a-f040-471a-ab1e-88beecc9146f,normal
3ae436e6-db9c-4461-90b9-dbd21500e996,normal
cf65d798-ad81-4ceb-ae66-8f720a2b0ba1,normal
8580ad0f-02ca-46ee-b9f0-6f52807c1a41,normal
51513a58-1eb1-4601-9de4-86aa999f5259,normal
3b0eeb90-40aa-4ce5-8c4d-357b5b367553,normal
68f301be-0ad7-450f-b0ee-a3fe7391d109,normal
5f9ebfd4-1dea-41e8-8abf-b12c2da9d512,normal
4de196e3-9881-4316-a770-0407ab3b6a99,normal
62e10930-f0c5-4906-abb9-d9df69245f86,normal
3d6c4fda-a184-4935-ae7d-348083bff3ff,normal
a15cd1a6-e32d-459d-b00d-9282a4be0185,normal
9665affb-8c03-4f6c-9535-7129fb774d90,normal
6e251ec1-0f69-45a9-9a3e-e6f1768151cb,normal
df216191-a8a1-4c14-b9e4-79179129bf8c,normal
70f15985-d112-41db-9fb3-5cd532d517f8,normal
3c1eeddc-18ec-44f6-8789-fbf475d9d2af,normal
affd18e7-62e7-4f2b-ace4-0aa89921ad24,normal
91820f6d-c146-407c-8145-58ca4f63d872,normal
b3d848c2-4c79-4e30-8554-7c391ac2bf13,normal
d2800027-b656-41e9-8568-3c7c05cbb0e7,normal
1f31441a-7272-4dc8-9c5c-ba074c7e86fe,normal
061e64b2-d0f0-4f8e-8292-fb2b3b17e58f,normal
5f65bf02-4a05-4405-90ff-465d7979bb7a,normal
40e6765b-3372-44e7-90b2-9562377744f3,normal
d3673ddd-4700-442a-b011-acb82a27d7c5,normal
9f4a73a0-9f9c-44d1-b34a-3469314b78c7,normal
52727442-55da-4616-8e5f-8c1a34cb95d5,normal
4e50f6b9-ad2f-4234-9f09-b87744bc9836,normal
8046baa6-ecf1-4249-9c21-42dc1242d42a,normal
e37294ae-0b40-42ad-88d5-33c129ad6507,normal
d075e114-7c83-48d3-a021-b1bcc6b2f582,normal
921eb95d-6271-4c10-a802-922dbe1bf43c,normal
58f3f0cc-253f-4ad7-b399-9ad5daa37096,normal
3295fc3a-e245-4de2-af5a-b9c7c7ea84f0,normal
99e44479-566d-41ef-a0ec-ef5b2ad616e2,normal
82adc88b-a28d-4eb5-a665-189e800bc891,normal
3b60f89a-d1e9-46d5-a3ee-e81cbaf46a11,normal
56ff9c46-58e0-4da0-8511-2cab5fc7148c,normal
5fd3eeeb-ab53-4ccb-8c38-ef36e29643d2,normal
05e9f350-d905-42bb-8610-ff905d224446,normal
b600f4f5-40a8-40f3-9665-78d97358b17f,normal
30a23bca-93ef-481a-b377-0d6a9093ed3a,normal
ca6be97d-ada3-4191-8be7-553bcb0cdd83,normal
85918e9d-3557-49c1-b39c-c9c141fbd752,normal
d1169250-08cd-4c62-a136-7f0f83d54122,normal
269c2e5c-24aa-4d93-a9c1-c309902ef963,normal
fe9f1b2f-5897-4e16-8446-a38f13d74184,normal
f836c22d-c042-4dda-8356-95b63abac93a,normal
bd7e6117-a238-4893-949d-e35a2941bade,normal
1acb2b1e-e7dc-4751-aa63-4f96a4d6359c,normal
8aad99d2-3ecf-4680-9588-98c95213939a,normal
b7599608-7c8b-45c9-8294-fe48b94105d5,normal
5bab4033-a724-4c53-91c7-3212601c105e,normal
b98d45a6-90cd-4115-8048-8a4c55e38f99,normal
0ca155f9-c903-4fa0-b9b3-9f31addda43c,normal
d9a127bc-ce38-42f3-8c82-f27c7db6e882,normal
6c86324e-7e93-4114-b203-00162c4835ef,normal
8c70e843-42bd-4059-a62e-d82ae8b1003f,normal
02aa9cfe-0abf-4d63-a59b-fb40bf04edca,normal
f5eb0e8f-da9b-44a1-8c57-d669df6bfe99,normal
3b166f58-38dc-45d2-9465-f3d2026fad92,normal
b8a92ff8-2c26-490d-b6da-15037faa91da,normal
8575d374-d05a-4965-b02d-64370c6cd951,normal
faa5a7b8-343d-49bc-8aeb-35a731284d89,normal
ca752262-ad47-4b29-9864-56600c06798d,normal
c49d8ceb-b749-4fad-af40-cac83881a485,normal
31190fc7-4c3a-411c-bfc7-51b97bed4da3,normal
32f4b92e-8168-4e03-a0b4-aecb62232689,normal
3ab1190b-1503-4deb-a03c-53b63f859594,normal
8e8caa05-4f58-4cb0-8a92-af70e5137359,normal
d9f14b7d-1413-4c84-94b2-05f9d4f09320,normal
72650118-7adb-4e7c-8857-476137c1096f,normal
d9de5b75-7ef8-4b5a-9a2c-11ee717e08be,normal
6c311de9-d23b-4e1c-803d-7713845d6b27,normal
78826c3e-c072-43e2-bba5-a2abdb1e53ae,normal
41976ddc-67a1-4ea6-9ec2-7e3f40038618,normal
fe1c141a-01cf-4264-a65b-5a3197631875,normal
50cd60fb-29fe-408b-b3c4-f98389e1157a,normal
0da602eb-9536-4a32-854c-fc4721d85514,normal
c076183b-33d7-4b81-8b8c-e982a61c242a,normal
de2ffc29-e25e-4bc7-8a13-c164985e610c,normal
941fa9c7-af86-4961-bb11-559725820a2d,normal
1c993352-47cb-44bc-86b2-8808d960c128,normal
c7e1c1ef-d9cd-4e2c-90f2-6b919dbf0b85,normal
e80f9b61-1be9-4ed6-b1ed-7227f3bf4b0d,normal
19d6f524-7d75-4bd1-adfe-b75d10338181,normal
8e26bad0-2a82-4a89-9652-71dedaae4d6d,normal
81531580-9169-49cc-8b17-e8ba8c824237,normal
469d7a1f-7abd-4e1e-9211-8ee2b57bc56d,normal
b5f8c8ff-5662-4bb7-88cc-dc922d01163c,normal
6434ee60-ce16-4fe4-802e-db52aedfa76a,normal
6916dfcd-eb2f-47c8-b320-90b49410b4b7,normal
4a0a0cbf-5002-481b-9300-a94c2296fe0f,normal
2e5a9afb-1463-4c52-bc14-82b1b95b4aae,normal
02644506-78fc-4fb3-9850-140e67a92637,normal
fced82d5-8ab1-4ffe-a1c0-4dcec5a816ac,normal
5fe25e1a-93fe-481c-9a6c-807c5ba578e4,normal
e5b4a878-6598-419a-9ccc-c1d03e7781e7,normal
d4412a1b-2910-4a26-a4ff-ea7a03b38f9b,normal
eca3ebae-53fd-4999-a4a4-a3ff2a31fd0b,normal
dd639a67-3e6c-4a72-976e-e17473060ddc,normal
9622f251-2b6c-4066-8fa3-89e72efad665,normal
e4ea3f6d-e465-4dc1-81d0-2b767b19d8e6,normal
196e0278-05fd-45b2-9f06-010fee849003,normal
0033de25-872a-4020-bc0c-a634bee44e19,normal
c1749844-926c-4d61-82da-4d306cf8b1d0,normal
e5b5e3d0-ee57-48bb-b0c2-1ff95148a21e,normal
28ca644f-fa24-4199-9ecb-8ff2c27122ab,normal
8fdac263-1845-446d-b780-b13d09bd3792,normal
f2722586-2498-4d62-aa1c-be6a5bb4c23d,normal
b05342ae-9241-408b-9844-15305c6acc44,normal
9f7b7f2d-d643-4795-b57f-a685f5738659,normal
08797078-35f0-4379-b276-5352b4c3bf73,normal
159f1b6e-710e-4a88-b8fa-5a292664db62,normal
6c0c3bc2-d07f-4da3-807b-04fa6e717d88,normal
4adcd718-851d-4492-b93b-447691766364,normal
76fc5184-c835-4d90-83f8-fb12637e7abf,normal
adb31606-eedb-4f06-b51e-d12b1bc2e9f6,normal
21e920fe-3ec9-4dcf-bdbc-7de145253275,normal
c88589bd-9eda-4f7e-894c-bb589ec572f9,normal
27a53d09-2194-42ac-a9d6-ade997a4bd08,normal
6e5e3697-1d2f-478a-97a8-8e8d0a9b4805,normal
190fabfd-ab8a-4f43-8615-879342eda3af,normal
51a17d51-c01b-483d-9bf3-c2d0f8194844,normal
28089b9a-9010-4c56-bd20-9487b4ec1f8f,normal
c09d2e7b-9987-434b-962a-e12092ab41e4,normal
e5173f87-ad02-47ea-9aca-bc640dc5a122,normal
250e5769-a34a-4c2d-b106-54ccab5a4769,normal
90ce7fc5-91fa-42cb-899b-74f84a5c5e38,normal
f9f92bd2-fb1e-4fef-a458-8d5c1f07f84c,normal
086f9a2b-c040-475a-92b6-34f1c76eeab9,normal
e9c19878-f5ba-40d5-b1e2-7f3db6af424c,normal
15751aa8-7cd8-414c-b6c6-783d62c7df52,normal
49016cc9-27a1-4481-be2f-12a10022ec20,normal
f8ba6027-b5bb-4263-b8bb-0f9e8272f493,normal
f51e2827-c532-43df-9f58-cf2ca3625b99,normal
0a444d64-92f1-4f36-bf0b-8c12cb61371c,normal
b5a58294-81f5-4ae7-a7cf-e15b064a7bbc,normal
1eda4660-b42c-47c4-9067-2224b975b172,normal
84dd0e42-11df-4ed9-8426-4443b8e3a1f1,normal
1927312e-fcd3-462c-a443-46a81cd5fa8a,normal
ca255992-4593-4432-9a81-32e8f286d70b,normal
5faad71c-b0d4-4ef3-a575-170d7510decf,normal
7d4e256d-ac82-4e2c-9571-2fa574bbb74e,normal
68fbb44c-8d22-44bd-bd38-cbf1fd27bceb,normal
9f6f485c-9e77-49d0-8b95-3ebdf4303da9,normal
58df4b41-7d24-4643-b10e-46f60d5c5d2d,normal
84f0ff84-e579-4101-9109-050cb720210f,normal
29ab7660-4124-495c-ba22-890fa91b6fe1,normal
267ed6f8-d9c9-4f7d-bb88-152d17cce661,normal
d57d67b4-9698-402f-ac93-e957faacbcc3,normal
a28c87de-6631-4e0a-9e0a-54a57b39a2a0,normal
bbc271f2-f261-4c13-ae41-4e0be90d52ed,normal
7762d427-98f2-4750-a0ed-d545e0839801,normal
67b2055e-ca82-4cc4-a640-2a6640cc3bb9,normal
5e65a0c3-d63e-4a51-8298-5c9da413a636,normal
c005cef4-62a5-497b-ba8c-5076175aa3ed,normal
5d06d9d0-026d-45b3-a651-f335cc987e12,normal
b9601f9d-785e-473e-b097-b43f2e68c4d7,normal
00c84bd7-55a4-4c05-8b93-72f495d7a202,normal
3b8abf8a-c7de-4bef-9dc0-6f4bde8569af,normal
5e11fa85-07b8-49d0-a19e-b4f6ea6bf03c,normal
8362ebf3-7201-4042-ab33-8143e9387951,normal
9add6dd3-61ba-4ad5-9fdd-1b241a7db453,normal
f27be1f5-e9e4-4538-bef4-4c6544f8e902,normal
b73885f6-a82d-43ae-98c8-77adc386b539,normal
509b291b-78f2-4122-92df-0b488a0c83f5,normal
0489aaf8-d554-487c-945d-89e5118e8dba,normal
bb237433-8bd5-4f25-b826-2385b2da324b,normal
02b64378-cb36-42ee-a77a-4e20930f6163,normal
a7ddc79b-9ca4-47f7-9d63-a42ed88c6f0f,normal
71f76aa4-3dbc-4e22-ab8f-c46f4d87ddee,normal
8b72bae0-1679-4f1a-8f88-e99e3f220073,normal
b6957d31-3e01-4e27-b8eb-4dfcb04e4ec2,normal
cc552f62-10ce-45d6-83f6-c06ba8133f0b,normal
f64eb170-daf7-44c3-ac3b-8d89d50261d7,normal
58ea5156-53fd-4642-aeb4-d39642b2a449,normal
6b6b8ffc-5d28-419c-b554-ae0bf2fbef3f,normal
c40e1cd0-2fe0-46ae-aadd-68e161f0c6e9,normal
ed25a2fe-649e-497e-9e54-0f2347066247,normal
b221d9a1-b924-4ba1-a0e5-c2f67c59875f,normal
9f0b64c8-b930-4926-a1ae-600ae9aa3c25,normal
fda20495-56f5-4acb-83ee-a5e4965dde30,normal
6b690920-3f8b-4528-9608-627428a0332b,normal
2cfb1c1b-91cf-4bbf-b574-0667f82461c3,normal
668998a4-553a-4f86-9c62-fce3a71fc30a,normal
b38123f1-b586-45dd-9708-5a14de01294b,normal
fc7d98b7-0c8b-439b-b8e7-c552d192cc1e,normal
ab11cbdd-a5ac-444a-8c8b-5892c054a264,normal
b58132d9-1ea6-4557-affd-addc42a85304,normal
d2862b3f-f64b-43a2-86a2-b8cbafe491e1,normal
56aabb14-ea98-4fe6-9151-09ea96f73c0e,normal
61e42841-6555-4e35-a2cf-52e29dc4dc01,normal
7302f31f-0b98-4f86-8bb7-c590d6787ff0,normal
d194152e-da8e-4118-8362-4eb34e88ebac,normal
dfb1efaa-74ca-4abf-8cfa-fe5bcc61f112,normal
a42d4e22-8013-4b27-a0ed-8fad71f65d9b,normal
7f0a65f5-e51e-42b0-911b-b5638450086e,normal
98625588-dd81-486c-9351-144ad4746b5e,normal
34f7da1a-1b9e-4aa4-9e0b-a80cbca4313d,normal
e5881c60-55ff-4f98-b3e5-da561293a0ac,normal
3b7be465-a2f3-439a-bc87-db0d8877af61,normal
1cc4d3e8-2f10-448d-87cd-8fb3ddfbf31e,normal
b8c311b9-beee-4db9-97fa-f058523ff2a1,normal
ef317465-c486-47b9-9daa-1b2372cbc83f,normal
a32ee247-761b-49a4-ae41-c7e0a73aa27d,normal
e4c81848-24bb-45f8-8295-17423a4d97ec,normal
8854bba7-5436-4584-aee8-6e668ab383d9,normal
e7335a13-0885-45e5-8ceb-1ebd47564e72,normal
69674dbb-8ccd-4a10-8f3d-439a7355b529,normal
28a5baa8-7890-4027-9ec4-04907ebccf16,normal
14dd5b23-efa9-4642-8fd3-f380ecc2ca8e,normal
11593415-a4ab-4b77-a943-d6117209fdc3,normal
6c907020-7365-4ffc-b98f-a38a7a7236da,normal
636f4632-1c66-4a6c-ad62-78d9480dfaf8,normal
649a9959-cb7c-43f7-8204-ad8d80d78fe6,normal
61bed6b4-dc5f-4ba7-bd7d-adbe50446a0d,normal
077437f7-b131-43db-8b62-1ce473b3f3f8,normal
48b8438a-e471-4244-bc7a-5898b9c9d92e,normal
fdb5ebb7-f887-4780-b1be-30b3e0876de7,normal
be4226eb-8d7f-43e0-8bed-e9c8da028d4e,normal
36c1ab68-8716-4479-a84c-9fc72574e6d8,normal
868edbd1-0f2a-4b56-a167-4b830770dc7f,normal
e1cf340f-43b2-4e00-9557-809e79154379,normal
9df9c2d6-d8d7-4bee-aa54-c51287620547,normal
6d6cdc6a-adfe-4b04-a8cf-77ed5034c922,normal
da47494c-ddd5-4c92-8f99-b5f1d9a0881e,normal
5cc732f5-a21a-4846-8d40-04b10b0a49ca,normal
f8305475-1f7b-4cae-bd5a-d44565f7d00b,normal
a21905ea-d266-4517-81ba-3b7ba4e3665b,normal
7f006284-8c6a-4869-84d7-2a4f407137a9,normal
7ecdfa45-7e0a-4349-9d44-11640bef6cfd,normal
149d72b7-5935-4795-aa08-c975033b7afd,normal
02bcc1d3-81e9-4033-b8c0-f923504435c8,normal
adfb2ed9-6c25-4dd1-80cb-34c9d06dfbf3,normal
524340e0-293a-47e0-b936-0721d80c1d3f,normal
b2ebc51d-4224-4134-9b47-a2ad3c6c9c03,normal
54839163-9d7f-4d30-94b6-3f4f6ac553fa,normal
40878f9a-b138-4be1-ac59-5ef5eff13788,normal
87599f7f-93d4-4854-b5ee-d536177243a3,normal
fd1a1e71-b755-467b-a442-953c267db034,normal
da68ccaf-e66a-426e-b2e3-688eb166ffb1,normal
d4e29aab-b9af-428b-a9c6-470b2c42b589,normal
702877a9-5a50-4f95-adf7-5d27105e11f9,normal
4e6f2384-7e09-4546-94da-1d9ac4bfb50b,normal
e604e106-feba-4530-b83e-87751a9ab64e,normal
046f433c-a49c-4259-99d9-c186a2b19f6b,normal
50dbd4d7-4ebf-47f9-a0ae-433bbcbf4dfd,normal
759c6652-5e60-4da9-ac37-0f337774162c,normal
8951ebec-7678-4f95-b8f5-77cff9828edf,normal
02d94ae4-ad5b-49d5-9ab5-e3f2245075a9,normal
0b3c3338-8a87-4110-b5f1-97d1baf27357,normal
12264f45-178d-40c7-ba20-0be3dbcd33bb,normal
4316a92a-ac70-4358-aaab-5da3675a60e0,normal
0f5e6155-6aaa-4e31-ad49-7bd12701b113,normal
3c097085-e2cc-452f-8bcb-efe3ae23f844,normal
5ff4f9c2-97aa-4987-bbc2-f02f065d90ec,normal
ff696bde-064d-49b2-ab06-e261bb6b5f70,normal
0d4f40fc-c682-4e66-b9ba-921cef04ae56,normal
95626e68-3652-4e2f-b62b-72310ec0b13f,normal
c5c55351-7f97-4c43-a903-a1874daf162d,normal
d07b62ce-f7af-4909-b802-a45347c2759d,normal
ec449ada-c36c-4476-ad61-c6037b159537,normal
8dae156d-dfec-4bc5-a69e-28f310c41dd6,normal
f35adb37-4942-4ca0-85c2-ee06b1b862be,normal
37f5445b-3da1-4975-9d4f-cd5ca6641570,normal
e73f9aca-9406-4aa6-83c3-b645af08b808,normal
d47e37ca-f634-489e-b0c9-3a65d29f414a,normal
be3eadba-d2e7-4402-8ff8-67de1f32317f,normal
f36f3064-284c-4336-8de2-d2336ab0bc0a,normal
6d5843ab-8f24-44ca-9c9b-e833b9c889f1,normal
c333ce48-15ff-49f9-9712-c6b0e2e517df,normal
da33b61b-e00b-49eb-87bf-b108e3c0d934,normal
a61d63f3-1dd8-4568-b35b-85a135667b6b,normal
2b3c87b5-9095-4320-b90d-0c55bc1ffc1f,normal
d0a43368-d80c-41c4-a545-cbbd211fbcc8,normal
7f843877-5231-4eaa-8f3d-432f382c0a71,normal
a3ace469-6cb1-402d-8cad-9cdf13ecdc42,normal
511bb3f7-8dc6-48d8-8465-6ae2bcdd7f26,normal
3b0b9cb7-536d-42ba-8695-868c5b06e92d,normal
acc13d11-b433-4211-b039-1bb5fad9573f,normal
82d9f76e-7f2d-4a28-8470-0d9cf07e9b04,normal
11e8dd0e-df7c-44bc-84ef-4604c28081e6,Anomaly
8a8d0221-6ebd-416e-9d22-f9e6feff1152,Anomaly
6dda5b7f-0a23-493b-8ad5-8dfad72c851b,Anomaly
aa41169b-1d81-4443-b77b-f4a8d7bf9455,Anomaly
ee8c69f0-7cbc-4f61-882b-004a539706c7,Anomaly
e7660d02-3b33-4600-ac97-bd8c82f8ad2f,Anomaly
b749ff6c-232e-43b5-a0c0-a2072b479aa7,Anomaly
cd2302fe-cf5f-41b6-a6fc-bb22bdb4ae73,Anomaly
0bdc6f08-787b-4ea1-a838-68c712183db1,Anomaly
c88346c2-5bd0-492a-b2c2-9ed53c44755d,Anomaly
6ad8e383-23a5-41e3-ad5f-0a1133eac92b,Anomaly
d6a6fa8d-3930-47f2-b98e-bc168d69f0a3,Anomaly
45b353e1-61a1-4f6e-ab5b-09cc4def076c,Anomaly
d4a2cbea-5f86-410d-8b13-969b7d6391d4,Anomaly
4c05532f-acef-4118-a512-441eac1d81a7,Anomaly
277e072e-07e0-4e86-953f-e2ac9095f62e,Anomaly
9469e1ad-83a3-4da5-938c-5d3e20242730,Anomaly
8bbdea68-7f16-43ea-955e-52bc01377717,Anomaly
e1c109bb-a82a-4d8e-af4c-2e1807bbf491,Anomaly
93d7b1e2-4dcb-49b3-afd8-d4597750c8a9,Anomaly
f6b2df47-f7e3-4e70-9d01-3af1ed043531,Anomaly
6faa20a2-8c7b-4eea-9137-85147676efd8,Anomaly
75cd876b-5ce1-4ea5-9437-9129e7c39428,Anomaly
4d8cb3d3-25e9-4175-b970-def59fcad814,Anomaly
8947b841-1c9f-4ec6-819d-e701e7d4da48,Anomaly
e2a1a54b-58b4-4301-a3f0-e6ccab886469,Anomaly
d5db4e7f-5d79-41a5-b299-3c152a2323f0,Anomaly
1fd9e5e7-c2ec-48dd-a16c-58f0cac74eff,Anomaly
70894edb-cf49-44c7-a1d3-ed86072909e3,Anomaly
3bca3a1d-f183-4617-be0e-f0fdaa7c4985,Anomaly
64562681-391c-4083-af9b-d9084067d937,Anomaly
27fea4a1-bc9e-421c-aaeb-123a0c4ba60a,Anomaly
5f56fd96-7d95-47c8-9085-453437492781,Anomaly
aa2d5ff7-a1c8-404a-83eb-bffd959d4111,Anomaly
e6451996-f6a9-4d7e-983e-dc8d44411ae7,Anomaly
b0fa10c0-5442-42a0-b621-8a246542ebe5,Anomaly
700b8014-fbb8-4c68-aa74-aed295fb4e59,Anomaly
e87b4524-ea27-487b-944b-fe21cfcd9a51,Anomaly
9a5e360a-bb08-4d09-8930-fdf0db49de7d,Anomaly
46ca2cc9-27d1-4e7f-b2a9-ff939768df1b,Anomaly
2984c715-9553-4976-9b6e-c616cbaf2805,Anomaly
80cd044d-b8f2-4dab-b6b3-1e95b6e1355d,Anomaly
b9b551e3-6cb2-4e75-8e7c-133d3d2c4032,Anomaly
2a0bd1eb-31ef-4574-b3ac-b72512b57ccd,Anomaly
d93efcf5-9a95-4eea-998b-92fa055d6ccc,Anomaly
a6a36b4d-a0da-40bd-a3d8-28ad6c00af81,Anomaly
df6d68ee-95f3-4785-ac5a-7594dc71662c,Anomaly
0d1f75c1-54e9-4a80-a8ea-0cbec738faa5,Anomaly
00b040f5-522b-4a84-82cc-b471e088276e,Anomaly
903a597f-f4cc-459f-a888-fa904721ebe8,Anomaly
d70ab276-4fd2-4272-8a42-e642434b1274,Anomaly
a971b955-1293-41d6-a81c-fecd152d6b03,Anomaly
706fc040-046d-4f79-bbb8-c034d3b6be39,Anomaly
489e5be5-9765-4c14-b243-bfabeaefba4d,Anomaly
fa91d7de-0896-41e1-a733-0260d1e20e89,Anomaly
30fccdc4-a449-47f4-b769-0aa8e7a52079,Anomaly
e3704f12-9c67-4dbc-9c8a-ff413742f3d4,Anomaly
08a6ad88-7537-4a6d-9da2-ddf8d6cc6ff3,Anomaly
244db2cc-c435-494f-bd4d-6140c8405f80,Anomaly
27fdf96f-82d3-4ec7-a84e-401d147b8c94,Anomaly
24528839-511e-4067-8ab6-0cde340c9efc,Anomaly
3f5bc6b3-47c0-4e5d-ab91-fb46e3c7bcea,Anomaly
773b6615-e475-4ad6-88fc-73ade87f1a79,Anomaly
51865cd0-9126-40f6-83b9-2487e4aa2830,Anomaly
c0e03177-9415-42c7-b76e-024ee27ad4e5,Anomaly
713ec47c-f5fe-4496-a8c2-a31740dffcf3,Anomaly
9e6d0443-28cf-479f-9930-65897ab71836,Anomaly
01c942ae-7fb8-4c31-9815-eb4d67e618e2,Anomaly
af208a2c-9c1e-41fc-a762-090a138d59f7,Anomaly
b8cd60a8-45ec-492b-85bd-dac8c60419ac,Anomaly
d263534d-370d-4ace-b7e3-b6d5300a5329,Anomaly
8f586ae9-fabc-47dd-b850-a3a3cf6403b2,Anomaly
c8a22e7a-7e5b-43e4-a5be-43b57966d793,Anomaly
50dcf836-e341-43bb-926a-111cbbc633e1,Anomaly
75b84990-6ef2-4e22-b937-acbccd625617,Anomaly
14a4adc5-d111-46ba-8aab-434fb0f940bf,Anomaly
c971926f-7514-47da-a82a-eee9bfcea485,Anomaly
70705d45-0323-4569-ae7b-9e490247bd12,Anomaly
2de29bd6-5ae6-4ff9-a0b9-80621fcc83db,Anomaly
e783f66a-59e7-453a-9a5e-2cbda345b4a7,Anomaly
ca213c8f-f22b-43bb-939f-063fb45fb421,Anomaly
50c2e1cc-3225-4fd7-b128-bf90aaa0513c,Anomaly
bceb4876-b31e-4c0b-ba47-d6163fa3db8a,Anomaly
8e552338-4cbe-40bc-a68e-cb717a5cd36f,Anomaly
47f2bb45-b27b-4d01-9530-c358606159c4,Anomaly
bf391d16-b7cb-4038-8413-42f8af438058,Anomaly
8657281b-be62-4aa1-b4a0-54a1a14ba588,Anomaly
9202a333-bddc-4528-822d-c495329fb8e1,Anomaly
21929a3c-d87a-4fb7-82a9-1eb943b4625b,Anomaly
b412143a-2d24-46a0-90ca-8f1f3b1edee4,Anomaly
05a4bacf-de01-4b8a-ac10-73c504d9ccf4,Anomaly
5b26dfde-ee71-4569-a999-ba52b9b6b376,Anomaly
b4409861-d194-4549-b98f-113cac3bca20,Anomaly
b76c07d8-dc5d-43e8-8ca9-c0b8b4d9081b,Anomaly
6fc9d379-d327-4b03-9d89-091660012169,Anomaly
ab6e0768-0aa7-4018-bcaf-72e569bacccc,Anomaly
26597751-9746-450c-8122-bc03e80fe8cf,Anomaly
709900d6-2875-458c-9647-23c3f28b7e10,Anomaly
e625f3c6-f475-44c9-849c-8c45f754d9af,Anomaly
6fd384af-0e2f-44db-8f18-244880a13669,Anomaly
f1433bbf-897d-45e8-b278-da980ea44911,Anomaly
fb2982a0-be70-4648-9610-f68851037c04,Anomaly
d02e58ce-9d12-4f36-83f4-471a6a549207,Anomaly
86faa4b6-f24d-4a9c-bd4c-eac19fd63742,Anomaly
d6887d2a-19a7-4136-a5f8-db6b8163bd29,Anomaly
79e15cfe-0423-47b9-ad91-52b3f86690ac,Anomaly
adae1c0d-0c8c-48e6-9bd0-fd17ed095fb4,Anomaly
e1c6a326-346a-4b01-9347-766043bcd0d8,Anomaly
6164102a-ed09-4d4d-87d3-c0dc77be6938,Anomaly
f05fad14-ce00-40ae-b8b8-3f7ab8bce2d2,Anomaly
af6c83db-4720-4b81-af30-bbf64670d687,Anomaly
8d468f97-d103-4116-8cb8-80cb1d480ebd,Anomaly
bccbca48-e297-4dd3-ae2d-fe5861e33537,Anomaly
469df9b5-e2e6-4930-ab23-70544cd13147,Anomaly
c222bad8-7599-47e4-83d6-214194645c26,Anomaly
bc271d54-7726-41cb-99e0-8b88d50fed57,Anomaly
b2b990ea-9378-49e3-91a5-2f6a7f7f8a89,Anomaly
dad0b303-c35f-4546-ba43-bb32a01483a3,Anomaly
fe6f61e4-723d-4594-add1-3698b0740e3e,Anomaly
fc1fe029-c1fb-40fc-8511-481a74d83ccf,Anomaly
d57d50cd-f057-4ef3-b03b-abc9ff08f331,Anomaly
ffb5ad02-8dd9-4387-93a2-792efd317eef,Anomaly
d421ec74-f928-40d2-8b3d-54248f747aca,Anomaly
c7b2eb6f-52b3-476a-83bb-366e2ffd4457,Anomaly
90390b25-8b8a-41cf-9b92-af01d91bee50,Anomaly
4ab9ce44-7731-46a2-b614-e87720053e2a,Anomaly
08f5b2e1-3ff7-4c96-949c-567ffbee6f88,Anomaly
e855155b-9708-47b2-aa88-76e64bf28593,Anomaly
e3210d12-e604-4362-8d4e-6be4f564190a,Anomaly
bed78e89-b344-494a-b702-aedb029edbf3,Anomaly
cd8bb2c7-a471-48d3-9a62-c5d146e01d21,Anomaly
70cc2e6d-460a-43c2-be80-08e53ca63b5f,Anomaly
5917ca89-135c-4ed4-8d42-a4ca5f4b6f26,Anomaly
8d6442e8-f234-4f4c-8435-7ffca9819f16,Anomaly
240559ff-53c9-4924-ad88-cc6ec18e3495,Anomaly
0010ba30-f791-456e-94c0-4a490003e7aa,Anomaly
a7fcffcd-e1bb-44f1-943c-20bc2df17a5c,Anomaly
8ad8aec0-a4bf-42ee-a9a3-d85c46d52dc9,Anomaly
6a1557e8-b40e-49d9-b24b-c4209831c366,Anomaly
f1a9440d-a355-4b83-9e3e-b27d260c2e87,Anomaly
a658137e-58a1-4764-a005-2807005bd8e5,Anomaly
64442510-2210-4f8b-a672-c92e1107b4f0,Anomaly
0dd8b65d-e288-4a50-b58a-994d0c286f2f,Anomaly
591dc257-b76e-42ab-ae36-03827458cb5e,Anomaly
812a8d87-c784-4ddd-8d51-d19b63f535e5,Anomaly
b3473a31-1c84-4da4-bfd8-239d0087b62a,Anomaly
f794178c-4b9a-4f74-8d6e-cd8c8b63bc5a,Anomaly
f0d54d6f-ff64-4e9e-beda-59e52b3c17ff,Anomaly
253cce17-2625-43c8-8381-1e99d8aa0082,Anomaly
22a107dc-0bdc-4a96-98a1-6db007a8dcfc,Anomaly
c971d946-d948-4d3d-be97-e8791000e7a9,Anomaly
59fcb7b3-1bdc-46a8-ad04-ceb62b871035,Anomaly
5a6b5e67-d0e0-4143-b2f6-efcd469a958b,Anomaly
41ebae25-8338-4fd4-a36b-40bdfdabf732,Anomaly
28246907-2db9-4909-80af-a7e9bded2825,Anomaly
b79d1e86-dd5c-4262-9206-9c976692a88f,Anomaly
0c422ba7-0715-4226-87a6-035134d1aff5,Anomaly
ca3ce232-8426-48c0-8ed6-da5da0bdd4cc,Anomaly
ea8d21c1-5d24-42b4-be09-6a7e06ed8bf2,Anomaly
428bd5c1-5089-4596-90dd-cafaa6c9cb69,Anomaly
63e8c6a1-86c8-458f-bf75-17e9a64261a5,Anomaly
eaf8a42e-f0e9-47d9-bb2a-9c98bee7500e,Anomaly
b4bf3ff9-7333-4139-946f-21019d700cbb,Anomaly
01f9e6cd-0717-4ba3-95ce-1227d3925631,Anomaly
87c238fb-cb58-4fb5-834d-db6bb00b48de,Anomaly
95480f7f-677a-415e-834c-d9cdcbcbde52,Anomaly
2f12b196-ae96-4729-9900-f3093f54a3de,Anomaly
91695a0b-5dab-4c63-b2f2-7dd067f0e5c9,Anomaly
268e1cfe-fdfb-46c0-804b-6b00f56ccbf4,Anomaly
516dc33c-304b-4cc0-b3df-33c8cbc935d8,Anomaly
b99f0435-2e0b-441b-b56a-c6ab1aa0c66e,Anomaly
04d1479f-ae3c-47f1-a1c7-05daf8c0dc39,Anomaly
64ecf95c-5d15-495b-9d99-93f5f0e9008c,Anomaly
1ced1518-f2a6-4b44-89de-7777b1328dd5,Anomaly
147c6404-ef1d-47f8-8469-64ed0532f017,Anomaly
511bd2cd-5497-4b27-b1a8-98e8680d3320,Anomaly
56b8e26a-1ce7-460d-a6e5-d60f2ffbf7fc,Anomaly
1dfc224d-f576-425d-be45-f1c60e7999c9,Anomaly
6fc3481f-9c88-43b8-b802-aa3f3ca4e2af,Anomaly
8b958007-b5a0-4e11-9964-0fb8cff80ce9,Anomaly
9fc3a013-d1fc-46cc-a967-476f142ea058,Anomaly
6834cd72-684c-4026-84c5-1d32f4a774de,Anomaly
d73cfcdd-6652-422f-b594-87c2cc2393ac,Anomaly
16a631de-184a-49d0-9d1c-f7f812af833e,Anomaly
dff70296-53e4-4e6e-9adb-fe98880adff6,Anomaly
8f359713-5b0f-4315-b433-53e962472274,Anomaly
6e9f8460-abb8-4d36-8407-97c1036ec2ee,Anomaly
ba0a67ee-7b54-4d91-b205-02279edfaa9d,Anomaly
a88e00c7-5cdc-4165-acbc-944a83dc4a07,Anomaly
28d0d747-fc54-4e04-9518-1d846ae40a6f,Anomaly
be165d91-c40d-49de-918c-b1bc44d3815d,Anomaly
2660f2af-d7e1-4084-b2a1-24bdeb209918,Anomaly
da21a406-f459-45b9-a965-ea6f6616d3ce,Anomaly
c7710416-e07e-40e3-978a-c7537db419ed,Anomaly
c4c3c327-6281-46ba-81a4-cee5afe1f36a,Anomaly
b2223855-eb51-4835-b271-05e6ad8b0c59,Anomaly
547fc05d-0140-418b-9ace-24549e22f4b3,Anomaly
b0410a74-360e-4f51-bd50-c4bd39d2804a,Anomaly
ae33ef57-1313-451d-8946-d748a6cdee8d,Anomaly
d96a877d-9447-4948-84c2-10275482d039,Anomaly
27e99934-8a9b-4fde-a7b1-3f6f6c6b6e65,Anomaly
d2b01c01-d2fb-4b38-a78e-d88fc1dd1e68,Anomaly
c4be254d-cdaf-4de6-9797-0887c97967e3,Anomaly
d8c338a3-c4d4-47b0-b8f6-af42117d7700,Anomaly
fb906311-406c-46f3-83b7-7205ba056bb4,Anomaly
e9677b1b-ad9a-4481-b402-f105e9536320,Anomaly
57645685-aea1-4d5d-a396-ed7bb0830b6a,Anomaly
ae230a07-9272-4253-9912-73542bc08268,Anomaly
00f55f95-aaad-4d59-9f72-5d6641b914bc,Anomaly
bfda8ac5-721e-49df-a9fe-d9b966b312af,Anomaly
3cc33895-5c5c-495b-828c-c82183ebd474,Anomaly
d125ae88-44e4-42b9-9193-906bc65609e3,Anomaly
f789ff9b-3084-42f3-af0b-b5bfbe1008f4,Anomaly
66407c51-00a0-4028-ac39-77f1fa21a694,Anomaly
7839d2a4-d56d-46ff-a6b8-37e822f8e534,Anomaly
74400bbf-5291-4456-8a5f-1cc743106648,Anomaly
e3a02231-65d9-4d35-a8f3-a475808d6638,Anomaly
719376d2-7725-485b-ac8d-fdbe8e87ea64,Anomaly
3205f0e7-a2fc-4314-ab7e-29274a7ebad5,Anomaly
5fd0643f-0d41-48ae-af39-a09544d9fd59,Anomaly
b17b1ea6-b4ea-4f41-b6da-335e862c0a1f,Anomaly
cb214a4a-5477-48fe-96cc-cfa9edfc0795,Anomaly
7cb2c455-0c16-4198-a2a6-45395589115d,Anomaly
7bff3b1a-43e9-42f0-91a5-14c6f60ecf2d,Anomaly
164590cb-ed37-4e73-a49b-a3f7cd789177,Anomaly
69dcbb8e-1602-4e4c-a550-8f283783a46e,Anomaly
b512ad71-179a-4d5c-b905-29afe229d9f9,Anomaly
72f23345-5f95-440d-9f2b-a1a172d8ad6d,Anomaly
1cc98ddb-9cd4-4ff9-91fd-c67b0f8fce54,Anomaly
c308b038-45ce-4d00-9f57-865c4c174668,Anomaly
895b16b6-b47f-495c-8202-c999e1fc9d37,Anomaly
e13ed568-1424-4fd8-a530-4a1ae5bb99e0,Anomaly
38dbbca7-d17f-4ad2-ab84-598fda09f6b1,Anomaly
6cb48a97-ff0a-4409-988e-5e50c2aa1a1a,Anomaly
0e7430c9-22d7-46e2-8986-27b9071fdfa0,Anomaly
31e87cea-f1a1-4c96-9083-f733181f0117,Anomaly
ec1d2c2b-5134-4ff0-8f22-ccd447d24dd9,Anomaly
464f0971-d548-4328-a4b8-4c6a02ac0e66,Anomaly
22cc4ae6-d5e4-407d-8607-aa05623e5850,Anomaly
80ceefb4-9170-4355-85b3-a0ca9932abf8,Anomaly
e6a53821-6116-4f22-a588-2afffca9aeb4,Anomaly
2f93576f-443a-455b-96ce-0d9afa740bd6,Anomaly
70b8dc13-f601-4b7f-969a-9d295416c226,Anomaly
c3226016-2b13-44c6-89d3-4571145036dd,Anomaly
603fd3d7-92ce-4acf-bb57-57f816278ea1,Anomaly
dd8c3bdf-e485-44f0-819f-130c30a3bdb1,Anomaly
357dce9b-982c-48d4-8456-a4e3afabb1fd,Anomaly
ff6f507a-2a94-420d-8472-3e10bb6f680d,Anomaly
82d99a2f-3e3e-4698-bb39-4a8f8f0ea314,Anomaly
842ccc96-2bff-4c99-b0f7-200c6040b4ca,Anomaly
2011ba0f-3031-4c55-9cbb-ede01485388e,Anomaly
a68a6c4a-3ae2-491b-abcf-451b9c90a3d4,Anomaly
2f33e1f5-7ab2-435b-8a23-db2f6ca99213,Anomaly